14;ВЫБРАТЬ наименование ИЗ справочник.компании УПОРЯДОЧИТЬ ПО рыночнаястоимостьвмлрд УБЫВ;ВЫБРАТЬ наименование ИЗ справочник.компании УПОРЯДОЧИТЬ ПО рыночнаястоимостьвмлрд УБЫВ
20;ВЫБРАТЬ T1.адрес ИЗ справочник.жилыедома КАК T1 ВНУТРЕННЕЕ СОЕДИНЕНИЕ справочник.квартиры КАК T2 ПО T1.ссылка = T2.жилойдом ГДЕ T2.количествованных > 2;ВЫБРАТЬ T1.адрес ИЗ справочник.жилыедома КАК T1 ВНУТРЕННЕЕ СОЕДИНЕНИЕ справочник.квартиры КАК T2 ПО T1.ссылка = T2.жилойдом ГДЕ T2.количествованных > 2
39;"ВЫБРАТЬ КОЛИЧЕСТВО(*) ИЗ справочник.преподаватели КАК T1 ВНУТРЕННЕЕ СОЕДИНЕНИЕ справочник.факультеты КАК T2 ПО T1.факультет = T2.код ГДЕ T2.наименование = ""Accounting"" ИЛИ T2.наименование = ""Biology""";"ВЫБРАТЬ КОЛИЧЕСТВО(*) ИЗ справочник.преподаватели ГДЕ факультет = ""Accounting"" ИЛИ факультет = ""Biology"""
48;ВЫБРАТЬ клиент , КОЛИЧЕСТВО(*) ИЗ справочник.счета СГРУППИРОВАТЬ ПО клиент;ВЫБРАТЬ КОЛИЧЕСТВО(*), T1.клиент ИЗ справочник.счета КАК T1 ВНУТРЕННЕЕ СОЕДИНЕНИЕ регистрсведений.движениесредств КАК T2 ПО T1.ссылка = T2.счет СГРУППИРОВАТЬ ПО T1.клиент
50;"ВЫБРАТЬ типаллергии ИЗ справочник.типыаллергий ГДЕ наименованиеаллергии = ""Cat""";"ВЫБРАТЬ типаллергии ИЗ справочник.типыаллергий ГДЕ типаллергии = ""Cat"""
55;ВЫБРАТЬ КОЛИЧЕСТВО(*) ИЗ справочник.бюджетныекоды;ВЫБРАТЬ КОЛИЧЕСТВО(*) ИЗ справочник.бюджетныекоды
62;ВЫБРАТЬ рывок , толчок ИЗ регистрсведений.результатыбодибилдеров УПОРЯДОЧИТЬ ПО рывок УБЫВ;ВЫБРАТЬ рост, вес ИЗ справочник.люди УПОРЯДОЧИТЬ ПО рост УБЫВ
71;ВЫБРАТЬ виноград , апелласьон ИЗ справочник.вино;ВЫБРАТЬ виноград, апелласьон ИЗ справочник.вино
76;"ВЫБРАТЬ T2.студент ИЗ справочник.курсы КАК T1 ВНУТРЕННЕЕ СОЕДИНЕНИЕ регистрсведений.посещаемостьстудентов КАК T2 ПО T1.ссылка = T2.курс ГДЕ T1.наименование = ""statistics"" УПОРЯДОЧИТЬ ПО T2.датапосещения";"ВЫБРАТЬ T2.студент ИЗ справочник.курсы КАК T1 ВНУТРЕННЕЕ СОЕДИНЕНИЕ регистрсведений.посещаемостьстудентов КАК T2 ПО T1.ссылка = T2.курс ГДЕ T1.наименование = ""statistics"" УПОРЯДОЧИТЬ ПО T2.датапосещения УБЫВ"
84;ВЫБРАТЬ СУММА(суммагранта) , организация ИЗ справочник.гранты СГРУППИРОВАТЬ ПО организация;ВЫБРАТЬ СУММА(суммагранта), организация ИЗ справочник.гранты СГРУППИРОВАТЬ ПО организация
86;ВЫБРАТЬ СУММА(количествоучащихся) , СРЕДНЕЕ(количествоучащихся) ИЗ справочник.школы;ВЫБРАТЬ СУММА(количествоучащихся), СРЕДНЕЕ(количествоучащихся) ИЗ справочник.школы
91;"ВЫБРАТЬ КОЛИЧЕСТВО(*) ИЗ регистрсведений.рейсы ГДЕ аэропортотправления = ""APG""";"ВЫБРАТЬ КОЛИЧЕСТВО(*) ИЗ регистрсведений.рейсы ГДЕ аэропортотправления = ""APG"""
92;ВЫБРАТЬ ПЕРВЫЕ 1 T1.ссылка , T1.видорганизации , T1.описание ИЗ справочник.организации КАК T1 ВНУТРЕННЕЕ СОЕДИНЕНИЕ справочник.исследовательскийперсонал КАК T2 ПО T1.ссылка = T2.организацияработодатель СГРУППИРОВАТЬ ПО T1.ссылка УПОРЯДОЧИТЬ ПО КОЛИЧЕСТВО(*) УБЫВ;ВЫБРАТЬ ПЕРВЫЕ 1 T1.ссылка, T1.видорганизации, T1.описание ИЗ справочник.организации КАК T1 ВНУТРЕННЕЕ СОЕДИНЕНИЕ справочник.исследовательскийперсонал КАК T2 ПО T1.ссылка = T2.организацияработодатель СГРУППИРОВАТЬ ПО T1.ссылка УПОРЯДОЧИТЬ ПО КОЛИЧЕСТВО(*) УБЫВ
93;"ВЫБРАТЬ ссылка ИЗ справочник.проблемы ГДЕ датапроблемы < ""1978-06-26""";"ВЫБРАТЬ ссылка ИЗ справочник.проблемы ГДЕ датапроблемы < ""1978-06-26"""
98;ВЫБРАТЬ наименование ИЗ справочник.программы УПОРЯДОЧИТЬ ПО годзапуска;ВЫБРАТЬ наименование ИЗ справочник.программы УПОРЯДОЧИТЬ ПО годзапуска ВОЗР
101;"ВЫБРАТЬ T4.описание , T4.кредиты ИЗ справочник.группы КАК T1 ВНУТРЕННЕЕ СОЕДИНЕНИЕ регистрсведений.записиопосещении КАК T2 ПО T1.ссылка = T2.группа ВНУТРЕННЕЕ СОЕДИНЕНИЕ справочник.студенты КАК T3 ПО T3.ссылка = T2.студент ВНУТРЕННЕЕ СОЕДИНЕНИЕ справочник.курсы КАК T4 ПО T4.код = T1.кодкурса ГДЕ T3.фамилия = ""Smithson""";"ВЫБРАТЬ T2.описание, T2.кредиты ИЗ справочник.студенты КАК T1 ВНУТРЕННЕЕ СОЕДИНЕНИЕ справочник.курсы КАК T2 ПО T1.курс = T2.код ГДЕ T1.фамилия = ""Smithson"""
105;ВЫБРАТЬ ПЕРВЫЕ 3 прочее , класс ИЗ справочник.отели УПОРЯДОЧИТЬ ПО ценоваякатегория ВОЗР;ВЫБРАТЬ ПЕРВЫЕ 3 прочее, класс ИЗ справочник.отели УПОРЯДОЧИТЬ ПО ценоваякатегория ВОЗР
106;ВЫБРАТЬ СУММА(кредиты) , кодфакультета ИЗ справочник.курсы СГРУППИРОВАТЬ ПО кодфакультета;"ВЫБРАТЬ СУММА(кредиты) ИЗ справочник.курсы ГДЕ кодфакультета = ""BUS"" ОБЪЕДИНИТЬ ВСЕ ВЫБРАТЬ СУММА(кредиты) ИЗ справочник.курсы ГДЕ кодфакультета = ""ACCT"" ОБЪЕДИНИТЬ ВСЕ ВЫБРАТЬ СУММА(кредиты) ИЗ справочник.курсы ГДЕ кодфакультета = ""TAX"" ОБЪЕДИНИТЬ ВСЕ ВЫБРАТЬ СУММА(кредиты) ИЗ справочник.курсы ГДЕ кодфакультета = ""STAT"" ОБЪЕДИНИТЬ ВСЕ ВЫБРАТЬ СУММА(кредиты) ИЗ справочник.курсы ГДЕ кодфакультета = ""MC"" ОБЪЕДИНИТЬ ВСЕ ВЫБРАТЬ СУММА(кредиты) ИЗ справочник.курсы Г"
125;ВЫБРАТЬ номинант , КОЛИЧЕСТВО(*) ИЗ справочник.мюзиклы СГРУППИРОВАТЬ ПО номинант;ВЫБРАТЬ номинант, КОЛИЧЕСТВО(*) ИЗ справочник.мюзиклы СГРУППИРОВАТЬ ПО номинант
132;ВЫБРАТЬ ПЕРВЫЕ 1 T1.имя , T1.кодстраны , T1.датарождения ИЗ справочник.игроки КАК T1 ВНУТРЕННЕЕ СОЕДИНЕНИЕ регистрсведений.матчи КАК T2 ПО T1.ссылка = T2.победитель УПОРЯДОЧИТЬ ПО T2.очкипобедителя УБЫВ;ВЫБРАТЬ ПЕРВЫЕ 1 T1.имя, T1.кодстраны, T1.датарождения ИЗ справочник.игроки КАК T1 ВНУТРЕННЕЕ СОЕДИНЕНИЕ регистрсведений.матчи КАК T2 ПО T1.ссылка = T2.победитель СГРУППИРОВАТЬ ПО T1.ссылка УПОРЯДОЧИТЬ ПО КОЛИЧЕСТВО(*) УБЫВ
146;ВЫБРАТЬ ПЕРВЫЕ 1 T1.имя , T1.фамилия ИЗ справочник.гонщики КАК T1 ВНУТРЕННЕЕ СОЕДИНЕНИЕ регистрсведений.временакругов КАК T2 ПО T1.ссылка = T2.гонщик УПОРЯДОЧИТЬ ПО T2.миллисекунд;ВЫБРАТЬ ПЕРВЫЕ 1 T1.имя, T1.фамилия ИЗ справочник.гонщики КАК T1 ВНУТРЕННЕЕ СОЕДИНЕНИЕ регистрсведений.временакругов КАК T2 ПО T1.ссылка = T2.гонщик УПОРЯДОЧИТЬ ПО T2.миллисекунд ВОЗР
147;ВЫБРАТЬ СРЕДНЕЕ(оценка) ИЗ справочник.заявки;ВЫБРАТЬ СРЕДНЕЕ(оценка) ИЗ справочник.заявки
148;"ВЫБРАТЬ t3.наименование ИЗ справочник.авторы КАК t1 ВНУТРЕННЕЕ СОЕДИНЕНИЕ регистрсведений.авторыпубликаций КАК t2 ПО t1.ссылка = t2.автор ВНУТРЕННЕЕ СОЕДИНЕНИЕ справочник.публикации КАК t3 ПО t2.публикация = t3.ссылка ГДЕ t1.имя = ""Aaron"" И t1.фамилия = ""Turon""";"ВЫБРАТЬ t3.наименование ИЗ справочник.авторы КАК t1 ВНУТРЕННЕЕ СОЕДИНЕНИЕ регистрсведений.авторыпубликаций КАК t2 ПО t1.ссылка = t2.автор ВНУТРЕННЕЕ СОЕДИНЕНИЕ справочник.публикации КАК t3 ПО t2.публикация = t3.ссылка ГДЕ t1.имя = ""Aaron"" И t1.фамилия = ""Турон"""
164;ВЫБРАТЬ язык , КОЛИЧЕСТВО(*) ИЗ справочник.телеканалы СГРУППИРОВАТЬ ПО язык;ВЫБРАТЬ КОЛИЧЕСТВО(*), T2.язык ИЗ справочник.телеканалы КАК T1 ВНУТРЕННЕЕ СОЕДИНЕНИЕ справочник.телеканалы КАК T2 ПО T1.ссылка = T2.ссылка СГРУППИРОВАТЬ ПО T2.язык ИМЕЮЩИЕ КОЛИЧЕСТВО(*) > 1
172;ВЫБРАТЬ ПЕРВЫЕ 1 этажей ИЗ справочник.здания УПОРЯДОЧИТЬ ПО высота УБЫВ;ВЫБРАТЬ ПЕРВЫЕ 1 этажей ИЗ справочник.здания УПОРЯДОЧИТЬ ПО высота УБЫВ
173;"ВЫБРАТЬ T1.описание ИЗ справочник.видыорганизаций КАК T1 ВНУТРЕННЕЕ СОЕДИНЕНИЕ справочник.организации КАК T2 ПО T1.код = T2.видорганизации ГДЕ T2.описание = ""quo""";"ВЫБРАТЬ описание ИЗ справочник.организации ГДЕ описание ПОДОБНО ""%son%"""
175;ВЫБРАТЬ КОЛИЧЕСТВО(РАЗЛИЧНЫЕ человек) ИЗ справочник.покерныеигроки;ВЫБРАТЬ КОЛИЧЕСТВО(РАЗЛИЧНЫЕ человек) ИЗ справочник.покерныеигроки
191;ВЫБРАТЬ КОЛИЧЕСТВО(*) , кодстраны ИЗ справочник.игроки СГРУППИРОВАТЬ ПО кодстраны;ВЫБРАТЬ КОЛИЧЕСТВО(*), кодстраны ИЗ справочник.игроки СГРУППИРОВАТЬ ПО кодстраны
192;ВЫБРАТЬ КОЛИЧЕСТВО(РАЗЛИЧНЫЕ артист) ИЗ регистрсведений.чарты;ВЫБРАТЬ КОЛИЧЕСТВО(РАЗЛИЧНЫЕ артист) ИЗ регистрсведений.чарты
193;ВЫБРАТЬ * ИЗ справочник.колледжи УПОРЯДОЧИТЬ ПО количествостудентов;ВЫБРАТЬ * ИЗ справочник.колледжи УПОРЯДОЧИТЬ ПО количествостудентов УБЫВ
207;ВЫБРАТЬ T2.делегат , T1.наименование ИЗ справочник.округа КАК T1 ВНУТРЕННЕЕ СОЕДИНЕНИЕ регистрсведений.выборы КАК T2 ПО T1.ссылка = T2.округ;ВЫБРАТЬ T2.делегат, T1.наименование ИЗ справочник.округа КАК T1 ВНУТРЕННЕЕ СОЕДИНЕНИЕ регистрсведений.выборы КАК T2 ПО T1.ссылка = T2.округ
210;"ВЫБРАТЬ наименование ИЗ справочник.кафедры ГДЕ здание = ""Mergenthaler""";"ВЫБРАТЬ наименование ИЗ справочник.кафедры ГДЕ здание = ""Merchenthaler"""
214;ВЫБРАТЬ ПЕРВЫЕ 1 наименование ИЗ справочник.менеджеры УПОРЯДОЧИТЬ ПО возраст УБЫВ;ВЫБРАТЬ ПЕРВЫЕ 1 наименование ИЗ справочник.менеджеры УПОРЯДОЧИТЬ ПО возраст УБЫВ
217;ВЫБРАТЬ КОЛИЧЕСТВО(*) ИЗ справочник.счета;ВЫБРАТЬ КОЛИЧЕСТВО(*) ИЗ справочник.счета
220;"ВЫБРАТЬ t1.имя ИЗ справочник.авторы КАК t1 ВНУТРЕННЕЕ СОЕДИНЕНИЕ регистрсведений.авторыпубликаций КАК t2 ПО t1.ссылка = t2.автор ВНУТРЕННЕЕ СОЕДИНЕНИЕ справочник.публикации КАК t3 ПО t2.публикация = t3.ссылка ГДЕ t3.наименование ПОДОБНО ""%Functional%""";"ВЫБРАТЬ t1.имя ИЗ справочник.авторы КАК t1 ВНУТРЕННЕЕ СОЕДИНЕНИЕ регистрсведений.авторыпубликаций КАК t2 ПО t1.ссылка = t2.автор ВНУТРЕННЕЕ СОЕДИНЕНИЕ справочник.публикации КАК t3 ПО t2.публикация = t3.ссылка ГДЕ t3.наименование ПОДОБНО ""%Functional%"""
226;"ВЫБРАТЬ КОЛИЧЕСТВО(*) ИЗ справочник.файлы ГДЕ длительность ПОДОБНО ""4:%""";"ВЫБРАТЬ T1.файл ИЗ справочник.песни КАК T1 ВНУТРЕННЕЕ СОЕДИНЕНИЕ справочник.файлы КАК T2 ПО T1.ссылка = T2.ссылка ГДЕ T2.длительность ПОДОБНО ""4:%"""
232;ВЫБРАТЬ категория , КОЛИЧЕСТВО(*) ИЗ справочник.книжныйклуб СГРУППИРОВАТЬ ПО категория;ВЫБРАТЬ категория, КОЛИЧЕСТВО(*) ИЗ справочник.книжныйклуб СГРУППИРОВАТЬ ПО категория
235;ВЫБРАТЬ T3.наименование , T2.наименование ИЗ регистрсведений.назначениекурсов КАК T1 ВНУТРЕННЕЕ СОЕДИНЕНИЕ справочник.курсы КАК T2 ПО T1.курс = T2.ссылка ВНУТРЕННЕЕ СОЕДИНЕНИЕ справочник.преподаватели КАК T3 ПО T1.преподаватель = T3.ссылка УПОРЯДОЧИТЬ ПО T3.наименование;ВЫБРАТЬ T2.наименование, T3.наименование ИЗ регистрсведений.назначениекурсов КАК T1 ВНУТРЕННЕЕ СОЕДИНЕНИЕ справочник.преподаватели КАК T2 ПО T1.преподаватель = T2.ссылка ВНУТРЕННЕЕ СОЕДИНЕНИЕ справочник.курсы КАК T3 ПО T1.курс = T3.ссылка УПОРЯДОЧИТЬ ПО T2.наименование ВОЗР
238;"ВЫБРАТЬ КОЛИЧЕСТВО(*) ИЗ справочник.архитекторы ГДЕ пол = ""female""";"ВЫБРАТЬ КОЛИЧЕСТВО(*) ИЗ справочник.архитекторы ГДЕ пол = ""female"""
239;ВЫБРАТЬ T1.имя , T2.наименование ИЗ справочник.сотрудники КАК T1 ВНУТРЕННЕЕ СОЕДИНЕНИЕ справочник.подразделения КАК T2 ПО T1.подразделение = T2.ссылка;ВЫБРАТЬ T1.имя, T2.наименование ИЗ справочник.сотрудники КАК T1 ВНУТРЕННЕЕ СОЕДИНЕНИЕ справочник.подразделения КАК T2 ПО T1.подразделение = T2.ссылка
257;ВЫБРАТЬ датарождения , КОЛИЧЕСТВО(*) ИЗ справочник.люди СГРУППИРОВАТЬ ПО датарождения;ВЫБРАТЬ датарождения, КОЛИЧЕСТВО(*) ИЗ справочник.люди СГРУППИРОВАТЬ ПО датарождения
268;"ВЫБРАТЬ T2.имя , T2.фамилия ИЗ регистрсведений.выступления КАК T1 ВНУТРЕННЕЕ СОЕДИНЕНИЕ справочник.участникигруппы КАК T2 ПО T1.участник = T2.ссылка ВНУТРЕННЕЕ СОЕДИНЕНИЕ справочник.песни КАК T3 ПО T3.ссылка = T1.песня ГДЕ T3.наименование = ""Der Kapitan"" И T1.позициянасцене = ""back""";"ВЫБРАТЬ T2.имя, T2.фамилия ИЗ регистрсведений.выступления КАК T1 ВНУТРЕННЕЕ СОЕДИНЕНИЕ справочник.участникигруппы КАК T2 ПО T1.участник = T2.ссылка ВНУТРЕННЕЕ СОЕДИНЕНИЕ справочник.песни КАК T3 ПО T3.ссылка = T1.песня ГДЕ T3.наименование = ""Der Kapitan"" И T1.позициянасцене = ""back"""
271;ВЫБРАТЬ РАЗЛИЧНЫЕ T1.имя , T1.возраст ИЗ справочник.студенты КАК T1 ВНУТРЕННЕЕ СОЕДИНЕНИЕ справочник.питомцы КАК T2 ПО T1.ссылка = T2.ссылка;ВЫБРАТЬ РАЗЛИЧНЫЕ T1.имя, T1.возраст ИЗ справочник.студенты КАК T1 ВНУТРЕННЕЕ СОЕДИНЕНИЕ справочник.питомцы КАК T2 ПО T1.ссылка = T2.ссылка
286;"ВЫБРАТЬ КОЛИЧЕСТВО(*) ИЗ справочник.водители ГДЕ городпроживания = ""Hartford"" ИЛИ возраст < 40";"ВЫБРАТЬ КОЛИЧЕСТВО(*) ИЗ справочник.водители ГДЕ городпроживания = ""Hartford"" И возраст < 40"
287;"ВЫБРАТЬ имя , подразделение ИЗ справочник.сотрудники ГДЕ фамилия = ""McEwen""";"ВЫБРАТЬ имя, подразделение ИЗ справочник.сотрудники ГДЕ фамилия = ""McEwen"""
290;"ВЫБРАТЬ КОЛИЧЕСТВО(*) ИЗ регистрсведений.занятия КАК T1 ВНУТРЕННЕЕ СОЕДИНЕНИЕ справочник.сотрудники КАК T2 ПО T1.транспортноесредство = T2.ссылка ГДЕ T2.имя ПОДОБНО ""%a%""";"ВЫБРАТЬ КОЛИЧЕСТВО(*) ИЗ справочник.клиенты КАК T1 ВНУТРЕННЕЕ СОЕДИНЕНИЕ регистрсведений.занятия КАК T2 ПО T1.ссылка = T2.клиент ГДЕ T1.имя ПОДОБНО ""%a%"""
295;ВЫБРАТЬ КОЛИЧЕСТВО(РАЗЛИЧНЫЕ типтранзакции) ИЗ регистрсведений.движениесредств;ВЫБРАТЬ КОЛИЧЕСТВО(РАЗЛИЧНЫЕ типтранзакции) ИЗ регистрсведений.движениесредств
305;ВЫБРАТЬ ПЕРВЫЕ 1 факультет ИЗ справочник.студенты СГРУППИРОВАТЬ ПО факультет УПОРЯДОЧИТЬ ПО КОЛИЧЕСТВО(*) УБЫВ;ВЫБРАТЬ ПЕРВЫЕ 1 факультет ИЗ справочник.студенты СГРУППИРОВАТЬ ПО факультет УПОРЯДОЧИТЬ ПО КОЛИЧЕСТВО(*) УБЫВ
308;"ВЫБРАТЬ примечание ИЗ регистрсведений.потери ГДЕ примечание ПОДОБНО ""%East%""";"ВЫБРАТЬ T1.примечание ИЗ регистрсведений.потери КАК T1 ВНУТРЕННЕЕ СОЕДИНЕНИЕ справочник.корабли КАК T2 ПО T1.корабльпричина = T2.ссылка ГДЕ T2.наименование ПОДОБНО ""%East%"""
316;"ВЫБРАТЬ фамилия ИЗ справочник.студенты ГДЕ пол = ""F"" И кодгорода = ""BAL"" ОБЪЕДИНИТЬ ВСЕ ВЫБРАТЬ фамилия ИЗ справочник.студенты ГДЕ пол = ""M"" И возраст < 20";"ВЫБРАТЬ фамилия ИЗ справочник.студенты ГДЕ пол = ""F"" И кодгорода = ""BAL"" И возраст < 20 ОБЪЕДИНИТЬ ВСЕ ВЫБРАТЬ фамилия ИЗ справочник.студенты ГДЕ пол = ""M"" И кодгорода = ""MAK"" И возраст < 20"
319;ВЫБРАТЬ КОЛИЧЕСТВО(РАЗЛИЧНЫЕ собака) ИЗ регистрсведений.лечения;ВЫБРАТЬ КОЛИЧЕСТВО(РАЗЛИЧНЫЕ собака) ИЗ регистрсведений.лечения
326;"ВЫБРАТЬ T2.наименование ИЗ справочник.фильмы КАК T1 ВНУТРЕННЕЕ СОЕДИНЕНИЕ справочник.языки КАК T2 ПО T1.язык = T2.ссылка ГДЕ T1.название = ""AIRPORT POLLOCK""";"ВЫБРАТЬ T2.наименование ИЗ справочник.фильмы КАК T1 ВНУТРЕННЕЕ СОЕДИНЕНИЕ справочник.языки КАК T2 ПО T1.язык = T2.ссылка ГДЕ T1.наименование = ""Gone with the Страной"""
346;ВЫБРАТЬ T2.наименование , КОЛИЧЕСТВО(*) ИЗ справочник.сотрудники КАК T1 ВНУТРЕННЕЕ СОЕДИНЕНИЕ справочник.подразделения КАК T2 ПО T1.подразделение = T2.ссылка СГРУППИРОВАТЬ ПО T2.наименование;ВЫБРАТЬ T2.наименование, КОЛИЧЕСТВО(*) ИЗ справочник.сотрудники КАК T1 ВНУТРЕННЕЕ СОЕДИНЕНИЕ справочник.подразделения КАК T2 ПО T1.подразделение = T2.ссылка СГРУППИРОВАТЬ ПО T2.наименование
367;"ВЫБРАТЬ ссылка ИЗ справочник.самолеты ГДЕ наименование = ""Los Angeles""";"ВЫБРАТЬ T1.ссылка ИЗ справочник.самолеты КАК T1 ВНУТРЕННЕЕ СОЕДИНЕНИЕ справочник.самолеты КАК T2 ПО T1.ссылка = T2.ссылка ГДЕ T2.наименование = ""Los Angeles"""
378;ВЫБРАТЬ команда , КОЛИЧЕСТВО(*) ИЗ справочник.техники СГРУППИРОВАТЬ ПО команда;ВЫБРАТЬ команда, КОЛИЧЕСТВО(*) ИЗ справочник.техники СГРУППИРОВАТЬ ПО команда
385;ВЫБРАТЬ ПЕРВЫЕ 3 наименование ИЗ справочник.филиалы УПОРЯДОЧИТЬ ПО размерчленскоговзноса УБЫВ;ВЫБРАТЬ ПЕРВЫЕ 3 T2.наименование ИЗ регистрсведений.регистрациявфилиалах КАК T1 ВНУТРЕННЕЕ СОЕДИНЕНИЕ справочник.филиалы КАК T2 ПО T1.филиал = T2.ссылка СГРУППИРОВАТЬ ПО T2.наименование УПОРЯДОЧИТЬ ПО КОЛИЧЕСТВО(*) УБЫВ
392;ВЫБРАТЬ КОЛИЧЕСТВО(*) , t2.наименование ИЗ регистрсведений.наймсотрудников КАК t1 ВНУТРЕННЕЕ СОЕДИНЕНИЕ справочник.магазины КАК t2 ПО t1.магазин = t2.ссылка СГРУППИРОВАТЬ ПО t2.наименование;ВЫБРАТЬ КОЛИЧЕСТВО(*), t2.наименование ИЗ регистрсведений.наймсотрудников КАК t1 ВНУТРЕННЕЕ СОЕДИНЕНИЕ справочник.магазины КАК t2 ПО t1.магазин = t2.ссылка СГРУППИРОВАТЬ ПО t2.наименование
395;"ВЫБРАТЬ T1.видшаблона ИЗ справочник.шаблоны КАК T1 ВНУТРЕННЕЕ СОЕДИНЕНИЕ справочник.документы КАК T2 ПО T1.ссылка = T2.шаблон ГДЕ T2.наименование = ""Data base""";"ВЫБРАТЬ T1.видшаблона ИЗ справочник.шаблоны КАК T1 ВНУТРЕННЕЕ СОЕДИНЕНИЕ справочник.документы КАК T2 ПО T1.ссылка = T2.шаблон ГДЕ T2.наименование = ""Data"""
407;"ВЫБРАТЬ T2.инвестор ИЗ справочник.люди КАК T1 ВНУТРЕННЕЕ СОЕДИНЕНИЕ справочник.предприниматели КАК T2 ПО T1.наименование = T2.ссылка ГДЕ T1.датарождения = ""Simon Woodroffe"" ИЛИ T1.датарождения = ""Peter Jones""";"ВЫБРАТЬ T2.датарождения ИЗ справочник.предприниматели КАК T1 ВНУТРЕННЕЕ СОЕДИНЕНИЕ справочник.люди КАК T2 ПО T1.ссылка = T2.наименование ГДЕ T1.инвестор = ""Simon Woodroffe"" ИЛИ T1.инвестор = ""Peter Jones"""
409;"ВЫБРАТЬ КОЛИЧЕСТВО(*) ИЗ справочник.студенты ГДЕ имя ПОДОБНО ""%son%""";"ВЫБРАТЬ КОЛИЧЕСТВО(*) ИЗ справочник.студенты ГДЕ имя ПОДОБНО ""%son%"""
417;"ВЫБРАТЬ датаначала , датаокончания ИЗ справочник.сотрудникипроектов ГДЕ роль = ""researcher""";ВЫБРАТЬ датаначала, датаокончания ИЗ справочник.сотрудникипроектов
419;"ВЫБРАТЬ единицаизмерения ИЗ справочник.категориитоваров ГДЕ код = ""Herbs""";"ВЫБРАТЬ единицаизмерения ИЗ справочник.категориитоваров ГДЕ код = ""Herbs"""
427;ВЫБРАТЬ T1.наименование , T2.наименование ИЗ справочник.депутаты КАК T1 ВНУТРЕННЕЕ СОЕДИНЕНИЕ справочник.партии КАК T2 ПО T1.партия = T2.ссылка;ВЫБРАТЬ T1.наименование, T2.наименование ИЗ справочник.депутаты КАК T1 ВНУТРЕННЕЕ СОЕДИНЕНИЕ справочник.партии КАК T2 ПО T1.партия = T2.ссылка
438;ВЫБРАТЬ наименование ИЗ справочник.артисты ГДЕ годрождения = 1948 ИЛИ годрождения = 1949;ВЫБРАТЬ наименование ИЗ справочник.артисты ГДЕ годрождения = 1948 ИЛИ годрождения = 1949
453;"ВЫБРАТЬ КОЛИЧЕСТВО(РАЗЛИЧНЫЕ t1.наименование) ИЗ справочник.публикации КАК t1 ВНУТРЕННЕЕ СОЕДИНЕНИЕ регистрсведений.авторыпубликаций КАК t2 ПО t1.ссылка = t2.публикация ВНУТРЕННЕЕ СОЕДИНЕНИЕ справочник.институты КАК t3 ПО t2.институт = t3.ссылка ГДЕ t3.наименование = ""Tokohu University""";"ВЫБРАТЬ КОЛИЧЕСТВО(*) ИЗ справочник.публикации КАК t1 ВНУТРЕННЕЕ СОЕДИНЕНИЕ регистрсведений.авторыпубликаций КАК t2 ПО t1.ссылка = t2.публикация ВНУТРЕННЕЕ СОЕДИНЕНИЕ справочник.институты КАК t3 ПО t2.институт = t3.ссылка ГДЕ t3.наименование = ""Tokohу Университет"""
465;"ВЫБРАТЬ фамилия ИЗ справочник.студенты ГДЕ пол = ""F"" УПОРЯДОЧИТЬ ПО возраст УБЫВ";ВЫБРАТЬ фамилия ИЗ справочник.студенты УПОРЯДОЧИТЬ ПО возраст УБЫВ
467;ВЫБРАТЬ КОЛИЧЕСТВО(*) ИЗ справочник.клубы;ВЫБРАТЬ КОЛИЧЕСТВО(*) ИЗ справочник.клубы
468;ВЫБРАТЬ СРЕДНЕЕ(количествозаводов) ИЗ справочник.производители ГДЕ количествомагазинов > 20;ВЫБРАТЬ СРЕДНЕЕ(количествомагазинов) ИЗ справочник.производители ГДЕ количествомагазинов > 20
471;ВЫБРАТЬ КОЛИЧЕСТВО(*) ИЗ справочник.люди;ВЫБРАТЬ КОЛИЧЕСТВО(*) ИЗ справочник.люди
475;"ВЫБРАТЬ КОЛИЧЕСТВО(*) ИЗ справочник.адреса ГДЕ регион = ""Colorado""";"ВЫБРАТЬ КОЛИЧЕСТВО(*) ИЗ справочник.адреса ГДЕ регион = ""Colorado"""
479;ВЫБРАТЬ РАЗЛИЧНЫЕ жанр ИЗ справочник.видеоигры;ВЫБРАТЬ РАЗЛИЧНЫЕ жанр ИЗ справочник.видеоигры
480;ВЫБРАТЬ песня ИЗ регистрсведений.чарты ГДЕ недельнавершине > 1;ВЫБРАТЬ песня ИЗ регистрсведений.чарты ГДЕ недельнавершине > 1
483;ВЫБРАТЬ ПЕРВЫЕ 1 языки ИЗ справочник.песни СГРУППИРОВАТЬ ПО языки УПОРЯДОЧИТЬ ПО КОЛИЧЕСТВО(*) УБЫВ;ВЫБРАТЬ ПЕРВЫЕ 1 языки ИЗ справочник.песни СГРУППИРОВАТЬ ПО языки УПОРЯДОЧИТЬ ПО КОЛИЧЕСТВО(*) УБЫВ
492;"ВЫБРАТЬ T2.страна ИЗ справочник.клиенты КАК T1 ВНУТРЕННЕЕ СОЕДИНЕНИЕ справочник.адреса КАК T2 ПО T1.адрес = T2.ссылка ГДЕ T1.имя = ""Carole"" И T1.фамилия = ""Bernhard""";"ВЫБРАТЬ T2.страна ИЗ справочник.клиенты КАК T1 ВНУТРЕННЕЕ СОЕДИНЕНИЕ справочник.адреса КАК T2 ПО T1.адрес = T2.ссылка ГДЕ T1.имя = ""Carole"" И T1.фамилия = ""Bernhard"""
494;ВЫБРАТЬ ПЕРВЫЕ 1 t1.наименование ИЗ справочник.клиенты КАК t1 ВНУТРЕННЕЕ СОЕДИНЕНИЕ регистрсведений.полисыклиентов КАК t2 ПО t1.ссылка = t2.клиент СГРУППИРОВАТЬ ПО t1.наименование УПОРЯДОЧИТЬ ПО КОЛИЧЕСТВО(*) УБЫВ;ВЫБРАТЬ ПЕРВЫЕ 1 t1.наименование ИЗ справочник.клиенты КАК t1 ВНУТРЕННЕЕ СОЕДИНЕНИЕ регистрсведений.полисыклиентов КАК t2 ПО t1.ссылка = t2.клиент СГРУППИРОВАТЬ ПО t1.наименование УПОРЯДОЧИТЬ ПО КОЛИЧЕСТВО(*) УБЫВ
502;ВЫБРАТЬ КОЛИЧЕСТВО(*) ИЗ справочник.покупатели;ВЫБРАТЬ КОЛИЧЕСТВО(*) ИЗ справочник.покупатели
505;"ВЫБРАТЬ T2.наименование ИЗ справочник.альбомы КАК T1 ВНУТРЕННЕЕ СОЕДИНЕНИЕ справочник.артисты КАК T2 ПО T1.артист = T2.ссылка ГДЕ T1.наименование = ""Balls to the Wall""";"ВЫБРАТЬ T2.наименование ИЗ справочник.альбомы КАК T1 ВНУТРЕННЕЕ СОЕДИНЕНИЕ справочник.артисты КАК T2 ПО T1.артист = T2.ссылка ГДЕ T1.наименование = ""Balls to the Wall"""
509;"ВЫБРАТЬ наименование ИЗ справочник.участники ГДЕ страна = ""United States"" ИЛИ страна = ""Canada""";"ВЫБРАТЬ наименование ИЗ справочник.участники ГДЕ страна = ""United States"" ИЛИ страна = ""Canada"""
516;"ВЫБРАТЬ наименование ИЗ справочник.трассы ГДЕ страна = ""UK"" ИЛИ страна = ""Malaysia""";"ВЫБРАТЬ T1.круг ИЗ регистрсведений.временакругов КАК T1 ВНУТРЕННЕЕ СОЕДИНЕНИЕ справочник.трассы КАК T2 ПО T1.гонка = T2.ссылка ГДЕ T2.страна = ""United Kingdom"" ИЛИ T2.страна = ""Malaysia"""
521;ВЫБРАТЬ СУММА(население) , формаправления ИЗ справочник.страны СГРУППИРОВАТЬ ПО формаправления ИМЕЮЩИЕ СРЕДНЕЕ(ожидаемаяпродолжительностьжизни) > 72;ВЫБРАТЬ формаправления, СУММА(население) ИЗ справочник.страны СГРУППИРОВАТЬ ПО формаправления ИМЕЮЩИЕ СРЕДНЕЕ(ожидаемаяпродолжительностьжизни) > 72
538;ВЫБРАТЬ наименование ИЗ справочник.города ГДЕ ссылка В (ВЫБРАТЬ ссылка ИЗ справочник.округабезопасности ГДЕ уровеньпреступности < 100);ВЫБРАТЬ T1.наименование ИЗ справочник.города КАК T1 ВНУТРЕННЕЕ СОЕДИНЕНИЕ справочник.округабезопасности КАК T2 ПО T1.округ = T2.ссылка ГДЕ T2.уровеньпреступности < 100
545;ВЫБРАТЬ ПЕРВЫЕ 1 T1.ссылка , T1.фамилия ИЗ справочник.владельцы КАК T1 ВНУТРЕННЕЕ СОЕДИНЕНИЕ справочник.собаки КАК T2 ПО T1.ссылка = T2.владелецсобаки ВНУТРЕННЕЕ СОЕДИНЕНИЕ регистрсведений.лечения КАК T3 ПО T2.ссылка = T3.собака СГРУППИРОВАТЬ ПО T1.ссылка УПОРЯДОЧИТЬ ПО КОЛИЧЕСТВО(*) УБЫВ;ВЫБРАТЬ ПЕРВЫЕ 1 T1.ссылка, T1.фамилия ИЗ справочник.владельцы КАК T1 ВНУТРЕННЕЕ СОЕДИНЕНИЕ справочник.собаки КАК T2 ПО T1.ссылка = T2.владелецсобаки СГРУППИРОВАТЬ ПО T1.ссылка УПОРЯДОЧИТЬ ПО КОЛИЧЕСТВО(*) УБЫВ
547;ВЫБРАТЬ наименование ИЗ справочник.округа УПОРЯДОЧИТЬ ПО население ВОЗР;ВЫБРАТЬ наименование ИЗ справочник.округа УПОРЯДОЧИТЬ ПО население ВОЗР
557;ВЫБРАТЬ странапроисхождения ИЗ справочник.программы УПОРЯДОЧИТЬ ПО странапроисхождения;ВЫБРАТЬ наименование ИЗ справочник.программы УПОРЯДОЧИТЬ ПО наименование ВОЗР
574;ВЫБРАТЬ ПЕРВЫЕ 1 кодгорода ИЗ справочник.студенты СГРУППИРОВАТЬ ПО кодгорода УПОРЯДОЧИТЬ ПО КОЛИЧЕСТВО(*) УБЫВ;ВЫБРАТЬ ПЕРВЫЕ 1 кодгорода ИЗ справочник.студенты СГРУППИРОВАТЬ ПО кодгорода УПОРЯДОЧИТЬ ПО КОЛИЧЕСТВО(*) УБЫВ
587;ВЫБРАТЬ T3.наименование , T2.наименование ИЗ регистрсведений.назначениекурсов КАК T1 ВНУТРЕННЕЕ СОЕДИНЕНИЕ справочник.курсы КАК T2 ПО T1.курс = T2.ссылка ВНУТРЕННЕЕ СОЕДИНЕНИЕ справочник.преподаватели КАК T3 ПО T1.преподаватель = T3.ссылка УПОРЯДОЧИТЬ ПО T3.наименование;ВЫБРАТЬ T2.наименование, T3.наименование ИЗ регистрсведений.назначениекурсов КАК T1 ВНУТРЕННЕЕ СОЕДИНЕНИЕ справочник.преподаватели КАК T2 ПО T1.преподаватель = T2.ссылка ВНУТРЕННЕЕ СОЕДИНЕНИЕ справочник.курсы КАК T3 ПО T1.курс = T3.ссылка УПОРЯДОЧИТЬ ПО T2.наименование ВОЗР
592;ВЫБРАТЬ телефон ИЗ справочник.сотрудники;ВЫБРАТЬ телефон ИЗ справочник.сотрудники
609;ВЫБРАТЬ наименование , оклад ИЗ справочник.сотрудники ГДЕ ссылка = 12;ВЫБРАТЬ оклад, оклад ИЗ справочник.сотрудники ГДЕ ссылка = 12
613;ВЫБРАТЬ кодвидадокумента , наименование , описание ИЗ справочник.видыдокументов;ВЫБРАТЬ кодвидадокумента, наименование, описание ИЗ справочник.видыдокументов
614;"ВЫБРАТЬ КОЛИЧЕСТВО(РАЗЛИЧНЫЕ t1.наименование) ИЗ справочник.клубы КАК t1 ВНУТРЕННЕЕ СОЕДИНЕНИЕ регистрсведений.членствовклубах КАК t2 ПО t1.ссылка = t2.клуб ВНУТРЕННЕЕ СОЕДИНЕНИЕ справочник.студенты КАК t3 ПО t2.студент = t3.ссылка ГДЕ t3.имя = ""Eric"" И t3.фамилия = ""Tai""";"ВЫБРАТЬ КОЛИЧЕСТВО(*) ИЗ справочник.клубы КАК t1 ВНУТРЕННЕЕ СОЕДИНЕНИЕ регистрсведений.членствовклубах КАК t2 ПО t1.ссылка = t2.клуб ВНУТРЕННЕЕ СОЕДИНЕНИЕ справочник.студенты КАК t3 ПО t2.студент = t3.ссылка ГДЕ t3.имя = ""Erik"" И t3.фамилия = ""Tai"""
623;ВЫБРАТЬ СРЕДНЕЕ(T2.возраст) ИЗ справочник.гимнасты КАК T1 ВНУТРЕННЕЕ СОЕДИНЕНИЕ справочник.люди КАК T2 ПО T1.ссылка = T2.ссылка;ВЫБРАТЬ СРЕДНЕЕ(T2.возраст) ИЗ справочник.гимнасты КАК T1 ВНУТРЕННЕЕ СОЕДИНЕНИЕ справочник.люди КАК T2 ПО T1.ссылка = T2.ссылка
629;"ВЫБРАТЬ T2.имя , T2.фамилия , T2.телефон ИЗ справочник.банковскиекарты КАК T1 ВНУТРЕННЕЕ СОЕДИНЕНИЕ справочник.клиенты КАК T2 ПО T1.клиент = T2.ссылка ГДЕ T1.номеркарты = ""4560596484842""";"ВЫБРАТЬ T1.имя, T1.фамилия, T1.телефон ИЗ справочник.клиенты КАК T1 ВНУТРЕННЕЕ СОЕДИНЕНИЕ справочник.банковскиекарты КАК T2 ПО T1.ссылка = T2.клиент ГДЕ T2.номеркарты = ""4560596484842"""
634;ВЫБРАТЬ наименование , электроннаяпочта ИЗ справочник.пользователи ГДЕ количествоподписчиков > 1000;ВЫБРАТЬ наименование, электроннаяпочта ИЗ справочник.пользователи ГДЕ количествоподписчиков > 1000
640;"ВЫБРАТЬ наименование ИЗ справочник.преподаватели ГДЕ факультет = ""Comp. Sci."" И зарплата > 80000";"ВЫБРАТЬ наименование ИЗ справочник.преподаватели ГДЕ факультет = ""Comp. Sci."" И зарплата > 80000"
641;ВЫБРАТЬ РАЗЛИЧНЫЕ видшаблона ИЗ справочник.шаблоны;ВЫБРАТЬ РАЗЛИЧНЫЕ видшаблона ИЗ справочник.шаблоны
645;ВЫБРАТЬ РАЗЛИЧНЫЕ T1.режиссер ИЗ справочник.фильмы КАК T1 ВНУТРЕННЕЕ СОЕДИНЕНИЕ регистрсведений.оценкифильмовнарынках КАК T2 ПО T1.ссылка = T2.фильм ГДЕ T2.год = 1995;ВЫБРАТЬ РАЗЛИЧНЫЕ T1.режиссер ИЗ справочник.фильмы КАК T1 ВНУТРЕННЕЕ СОЕДИНЕНИЕ регистрсведений.оценкифильмовнарынках КАК T2 ПО T1.ссылка = T2.фильм ГДЕ T2.год = 1995 СГРУППИРОВАТЬ ПО T1.режиссер ИМЕЮЩИЕ КОЛИЧЕСТВО(*) = 1
649;ВЫБРАТЬ РАЗЛИЧНЫЕ описание ИЗ справочник.жилыедома;ВЫБРАТЬ РАЗЛИЧНЫЕ описание ИЗ справочник.жилыедома
650;ВЫБРАТЬ * ИЗ регистрсведений.рейтингикандидатов;ВЫБРАТЬ * ИЗ регистрсведений.рейтингикандидатов
656;ВЫБРАТЬ КОЛИЧЕСТВО(*) ИЗ справочник.товары;ВЫБРАТЬ КОЛИЧЕСТВО(*) ИЗ справочник.товары
662;ВЫБРАТЬ наименование ИЗ справочник.техники ГДЕ возраст = 36 ИЛИ возраст = 37;ВЫБРАТЬ наименование ИЗ справочник.техники ГДЕ возраст = 36 ИЛИ возраст = 37
665;"ВЫБРАТЬ КОЛИЧЕСТВО(*) ИЗ справочник.документы КАК T1 ВНУТРЕННЕЕ СОЕДИНЕНИЕ справочник.шаблоны КАК T2 ПО T1.шаблон = T2.ссылка ГДЕ T2.видшаблона = ""PPT""";"ВЫБРАТЬ КОЛИЧЕСТВО(*) ИЗ справочник.документы КАК T1 ВНУТРЕННЕЕ СОЕДИНЕНИЕ справочник.шаблоны КАК T2 ПО T1.шаблон = T2.ссылка ГДЕ T2.видшаблона = ""PPT"""
679;"ВЫБРАТЬ наименование ИЗ справочник.каналы ГДЕ владелецканала = ""CCTV"" ИЛИ владелецканала = ""HBS""";"ВЫБРАТЬ наименование ИЗ справочник.каналы ГДЕ владелецканала = ""CCTV"" ИЛИ владелецканала = ""HBS"""
683;ВЫБРАТЬ КОЛИЧЕСТВО(РАЗЛИЧНЫЕ питомец) ИЗ регистрсведений.питомцыстудентов;ВЫБРАТЬ КОЛИЧЕСТВО(РАЗЛИЧНЫЕ типпитомца) ИЗ справочник.питомцы
689;"ВЫБРАТЬ имя , фамилия , датанайма , оклад , подразделение ИЗ справочник.сотрудники ГДЕ имя NOT ПОДОБНО ""%M%"" УПОРЯДОЧИТЬ ПО подразделение";"ВЫБРАТЬ имя, фамилия, датанайма, оклад, подразделение ИЗ справочник.сотрудники ГДЕ имя NOT ПОДОБНО ""%M%"" УПОРЯДОЧИТЬ ПО подразделение УБЫВ"
691;ВЫБРАТЬ страна ИЗ справочник.аэропорты СГРУППИРОВАТЬ ПО страна ИМЕЮЩИЕ КОЛИЧЕСТВО(*) > 2;ВЫБРАТЬ страна ИЗ справочник.аэропорты СГРУППИРОВАТЬ ПО страна ИМЕЮЩИЕ КОЛИЧЕСТВО(*) > 2
702;"ВЫБРАТЬ КОЛИЧЕСТВО(*) ИЗ справочник.страны ГДЕ формаправления = ""Republic""";"ВЫБРАТЬ КОЛИЧЕСТВО(*) ИЗ справочник.страны ГДЕ формаправления = ""Republic"" ОБЪЕДИНИТЬ ВСЕ ВЫБРАТЬ КОЛИЧЕСТВО(*) ИЗ справочник.страны ГДЕ формаправления = ""КонфедеративнаяПринима"" ОБЪЕДИНИТЬ ВСЕ ВЫБРАТЬ КОЛИЧЕСТВО(*) ИЗ справочник.страны ГДЕ формаправления = ""Партия"" ОБЪЕДИНИТЬ ВСЕ ВЫБРАТЬ КОЛИЧЕСТВО(*) ИЗ справочник.страны ГДЕ формаправления = ""Monarchy"" ОБЪЕДИНИТЬ ВСЕ ВЫБРАТЬ КОЛИЧЕСТВО(*) ИЗ справочник.страны ГДЕ формаправления = ""RepubликаМоссина"" ОБЪЕДИНИТЬ ВСЕ ВЫБРАТЬ КОЛИЧЕСТВО(*)"
703;ВЫБРАТЬ КОЛИЧЕСТВО(РАЗЛИЧНЫЕ клиент) ИЗ справочник.счета;ВЫБРАТЬ КОЛИЧЕСТВО(РАЗЛИЧНЫЕ клиент) ИЗ справочник.счета
713;"ВЫБРАТЬ наименование ИЗ справочник.аэропорты ГДЕ страна <> ""Iceland""";"ВЫБРАТЬ город ИЗ справочник.аэропорты ГДЕ страна <> ""Iceland"""
715;ВЫБРАТЬ СРЕДНЕЕ(T2.количествогородов) ИЗ регистрсведений.оценкифильмовнарынках КАК T1 ВНУТРЕННЕЕ СОЕДИНЕНИЕ справочник.рынки КАК T2 ПО T1.рынок = T2.ссылка ГДЕ T1.нижняяоценка > 10000;ВЫБРАТЬ СРЕДНЕЕ(T2.количествогородов) ИЗ регистрсведений.оценкифильмовнарынках КАК T1 ВНУТРЕННЕЕ СОЕДИНЕНИЕ справочник.рынки КАК T2 ПО T1.рынок = T2.ссылка ГДЕ T1.нижняяоценка > 10000
716;ВЫБРАТЬ корабль ИЗ регистрсведений.миссии УПОРЯДОЧИТЬ ПО местоположение ВОЗР;ВЫБРАТЬ корабль ИЗ регистрсведений.миссии УПОРЯДОЧИТЬ ПО местоположение ВОЗР
721;ВЫБРАТЬ страна , КОЛИЧЕСТВО(*) ИЗ справочник.певцы СГРУППИРОВАТЬ ПО страна;ВЫБРАТЬ страна, КОЛИЧЕСТВО(*) ИЗ справочник.певцы СГРУППИРОВАТЬ ПО страна
732;"ВЫБРАТЬ город , штат ИЗ справочник.филиалыбанка ГДЕ наименование = ""morningside""";"ВЫБРАТЬ штат, город ИЗ справочник.филиалыбанка ГДЕ город = ""Morningview"" И штат = ""CA"""
739;ВЫБРАТЬ персонаж , длительность ИЗ справочник.актеры;ВЫБРАТЬ персонаж, длительность ИЗ справочник.актеры
740;ВЫБРАТЬ РАЗЛИЧНЫЕ кабинет , класс ИЗ справочник.ученики;ВЫБРАТЬ кабинет, класс ИЗ справочник.ученики
743;"ВЫБРАТЬ номеррейса ИЗ регистрсведений.рейсы ГДЕ аэропортотправления = ""APG""";"ВЫБРАТЬ T1.номеррейса ИЗ регистрсведений.рейсы КАК T1 ВНУТРЕННЕЕ СОЕДИНЕНИЕ справочник.аэропорты КАК T2 ПО T1.аэропортназначения = T2.кодаэропорта ГДЕ T2.кодаэропорта = ""APG"""
745;ВЫБРАТЬ ПЕРВЫЕ 1 специальность ИЗ справочник.студенты СГРУППИРОВАТЬ ПО специальность УПОРЯДОЧИТЬ ПО КОЛИЧЕСТВО(*) УБЫВ;ВЫБРАТЬ ПЕРВЫЕ 1 специальность ИЗ справочник.студенты СГРУППИРОВАТЬ ПО специальность УПОРЯДОЧИТЬ ПО КОЛИЧЕСТВО(*) УБЫВ
760;ВЫБРАТЬ ПЕРВЫЕ 1 имяпобедителя , имяпроигравшего ИЗ регистрсведений.матчи УПОРЯДОЧИТЬ ПО минут УБЫВ;ВЫБРАТЬ ПЕРВЫЕ 1 T1.кодстраныпобедителя, T1.имяпобедителя ИЗ регистрсведений.матчи КАК T1 ВНУТРЕННЕЕ СОЕДИНЕНИЕ справочник.игроки КАК T2 ПО T1.победитель = T2.ссылка УПОРЯДОЧИТЬ ПО T1.минут УБЫВ
764;ВЫБРАТЬ лошадейвсего ИЗ справочник.фермы УПОРЯДОЧИТЬ ПО лошадейвсего ВОЗР;ВЫБРАТЬ лошадейвсего ИЗ справочник.фермы УПОРЯДОЧИТЬ ПО лошадейвсего ВОЗР
779;"ВЫБРАТЬ КОЛИЧЕСТВО(*) ИЗ регистрсведений.рейсы КАК T1 ВНУТРЕННЕЕ СОЕДИНЕНИЕ справочник.аэропорты КАК T2 ПО T1.аэропортназначения = T2.кодаэропорта ВНУТРЕННЕЕ СОЕДИНЕНИЕ справочник.авиалинии КАК T3 ПО T3.ссылка = T1.авиалиния ГДЕ T2.город = ""Aberdeen"" И T3.наименование = ""United Airlines""";"ВЫБРАТЬ КОЛИЧЕСТВО(*) ИЗ регистрсведений.рейсы КАК T1 ВНУТРЕННЕЕ СОЕДИНЕНИЕ справочник.аэропорты КАК T2 ПО T1.аэропортназначения = T2.кодаэропорта ГДЕ T2.город = ""Aberdeen"""
781;ВЫБРАТЬ студия , КОЛИЧЕСТВО(*) ИЗ справочник.фильмы СГРУППИРОВАТЬ ПО студия;ВЫБРАТЬ студия, КОЛИЧЕСТВО(*) ИЗ справочник.фильмы СГРУППИРОВАТЬ ПО студия
783;ВЫБРАТЬ МАКСИМУМ(сумма) ИЗ справочник.платежи;ВЫБРАТЬ ПЕРВЫЕ 1 сумма ИЗ справочник.платежи УПОРЯДОЧИТЬ ПО видплатежа УБЫВ
795;ВЫБРАТЬ КОЛИЧЕСТВО(РАЗЛИЧНЫЕ местоположение) ИЗ справочник.магазины;ВЫБРАТЬ КОЛИЧЕСТВО(РАЗЛИЧНЫЕ местоположение) ИЗ справочник.магазины
800;ВЫБРАТЬ аллергия , КОЛИЧЕСТВО(*) ИЗ регистрсведений.аллергиистудентов СГРУППИРОВАТЬ ПО аллергия;ВЫБРАТЬ КОЛИЧЕСТВО(*), T2.типаллергии ИЗ регистрсведений.аллергиистудентов КАК T1 ВНУТРЕННЕЕ СОЕДИНЕНИЕ справочник.типыаллергий КАК T2 ПО T1.аллергия = T2.наименованиеаллергии СГРУППИРОВАТЬ ПО T2.типаллергии
809;ВЫБРАТЬ ведущаянога , КОЛИЧЕСТВО(*) ИЗ регистрсведений.атрибутыигроков ГДЕ общийрейтинг > 80 СГРУППИРОВАТЬ ПО ведущаянога;ВЫБРАТЬ T2.ведущаянога, КОЛИЧЕСТВО(*) ИЗ регистрсведений.атрибутыигроков КАК T1 ВНУТРЕННЕЕ СОЕДИНЕНИЕ регистрсведений.атрибутыигроков КАК T2 ПО T1.игрокapi = T2.игрокapi ГДЕ T1.общийрейтинг > 80 СГРУППИРОВАТЬ ПО T2.ведущаянога
812;ВЫБРАТЬ кодспособаоплаты ИЗ справочник.стороны СГРУППИРОВАТЬ ПО кодспособаоплаты ИМЕЮЩИЕ КОЛИЧЕСТВО(*) > 3;ВЫБРАТЬ кодспособаоплаты ИЗ справочник.клиенты СГРУППИРОВАТЬ ПО кодспособаоплаты ИМЕЮЩИЕ КОЛИЧЕСТВО(*) > 3
823;"ВЫБРАТЬ КОЛИЧЕСТВО(*) ИЗ справочник.адреса ГДЕ страна = ""USA""";"ВЫБРАТЬ КОЛИЧЕСТВО(*) ИЗ справочник.адреса ГДЕ страна = ""USA"""
827;ВЫБРАТЬ T2.делегат ИЗ справочник.округа КАК T1 ВНУТРЕННЕЕ СОЕДИНЕНИЕ регистрсведений.выборы КАК T2 ПО T1.ссылка = T2.округ ГДЕ T1.население < 100000;ВЫБРАТЬ T1.делегат ИЗ регистрсведений.выборы КАК T1 ВНУТРЕННЕЕ СОЕДИНЕНИЕ справочник.партии КАК T2 ПО T1.партия = T2.ссылка ВНУТРЕННЕЕ СОЕДИНЕНИЕ справочник.округа КАК T3 ПО T1.округ = T3.ссылка ГДЕ T3.население < 100000
837;ВЫБРАТЬ имя ИЗ справочник.студенты УПОРЯДОЧИТЬ ПО возраст УБЫВ;ВЫБРАТЬ имя ИЗ справочник.студенты УПОРЯДОЧИТЬ ПО возраст УБЫВ
842;"ВЫБРАТЬ t1.имя , t1.фамилия ИЗ справочник.авторы КАК t1 ВНУТРЕННЕЕ СОЕДИНЕНИЕ регистрсведений.авторыпубликаций КАК t2 ПО t1.ссылка = t2.автор ВНУТРЕННЕЕ СОЕДИНЕНИЕ справочник.публикации КАК t3 ПО t2.публикация = t3.ссылка ГДЕ t3.наименование = ""Nameless , Painless""";"ВЫБРАТЬ t1.имя, t1.фамилия ИЗ справочник.авторы КАК t1 ВНУТРЕННЕЕ СОЕДИНЕНИЕ регистрсведений.авторыпубликаций КАК t2 ПО t1.ссылка = t2.автор ВНУТРЕННЕЕ СОЕДИНЕНИЕ справочник.публикации КАК t3 ПО t2.публикация = t3.ссылка ГДЕ t3.наименование = ""Nameless, Painless"""
843;ВЫБРАТЬ T1.наименование , T1.ссылка ИЗ справочник.курсы КАК T1 ВНУТРЕННЕЕ СОЕДИНЕНИЕ справочник.группы КАК T2 ПО T1.ссылка = T2.курс СГРУППИРОВАТЬ ПО T1.ссылка ИМЕЮЩИЕ КОЛИЧЕСТВО(*) <= 2;ВЫБРАТЬ T1.наименование, T1.ссылка ИЗ справочник.курсы КАК T1 ВНУТРЕННЕЕ СОЕДИНЕНИЕ справочник.группы КАК T2 ПО T1.ссылка = T2.курс СГРУППИРОВАТЬ ПО T1.ссылка ИМЕЮЩИЕ КОЛИЧЕСТВО(*) < 2
851;ВЫБРАТЬ КОЛИЧЕСТВО(РАЗЛИЧНЫЕ кодтипатовара) ИЗ справочник.товары;ВЫБРАТЬ КОЛИЧЕСТВО(РАЗЛИЧНЫЕ кодтипатовара) ИЗ справочник.товары
861;ВЫБРАТЬ КОЛИЧЕСТВО(*) ИЗ справочник.рецензенты;ВЫБРАТЬ КОЛИЧЕСТВО(*) ИЗ справочник.рецензенты
865;"ВЫБРАТЬ кодшколы ИЗ справочник.факультеты ГДЕ наименование = ""Accounting""";"ВЫБРАТЬ кодшколы ИЗ справочник.факультеты ГДЕ наименование = ""Accounting"""
866;ВЫБРАТЬ ПЕРВЫЕ 1 жанр ИЗ справочник.видеоигры СГРУППИРОВАТЬ ПО жанр УПОРЯДОЧИТЬ ПО КОЛИЧЕСТВО(*);ВЫБРАТЬ ПЕРВЫЕ 1 жанр ИЗ справочник.видеоигры СГРУППИРОВАТЬ ПО жанр УПОРЯДОЧИТЬ ПО КОЛИЧЕСТВО(*) ВОЗР
871;ВЫБРАТЬ РАЗЛИЧНЫЕ типаллергии ИЗ справочник.типыаллергий;ВЫБРАТЬ РАЗЛИЧНЫЕ типаллергии ИЗ справочник.типыаллергий
874;ВЫБРАТЬ РАЗЛИЧНЫЕ кабинет ИЗ справочник.ученики ГДЕ класс = 5;ВЫБРАТЬ кабинет ИЗ справочник.ученики ГДЕ класс = 5
884;ВЫБРАТЬ дата ИЗ справочник.игры УПОРЯДОЧИТЬ ПО хозяева УБЫВ;ВЫБРАТЬ T1.дата ИЗ справочник.игры КАК T1 ВНУТРЕННЕЕ СОЕДИНЕНИЕ справочник.стадионы КАК T2 ПО T1.стадион = T2.ссылка ГДЕ T2.домашниематчи > T2.средняяявка УПОРЯДОЧИТЬ ПО T2.средняяявка УБЫВ
890;ВЫБРАТЬ имя , фамилия ИЗ справочник.сотрудники ГДЕ подразделение = 70 ИЛИ подразделение = 90;ВЫБРАТЬ T1.имя, T1.фамилия ИЗ справочник.сотрудники КАК T1 ВНУТРЕННЕЕ СОЕДИНЕНИЕ справочник.подразделения КАК T2 ПО T1.подразделение = T2.ссылка ГДЕ T2.наименование = 70 ИЛИ T2.наименование = 90
892;ВЫБРАТЬ ПЕРВЫЕ 1 способоплаты ИЗ регистрсведений.платежипоурегулированию СГРУППИРОВАТЬ ПО способоплаты УПОРЯДОЧИТЬ ПО КОЛИЧЕСТВО(*) ВОЗР;ВЫБРАТЬ ПЕРВЫЕ 1 способоплаты ИЗ регистрсведений.платежипоурегулированию СГРУППИРОВАТЬ ПО способоплаты УПОРЯДОЧИТЬ ПО КОЛИЧЕСТВО(*) ВОЗР
893;ВЫБРАТЬ T2.человек ИЗ справочник.люди КАК T1 ВНУТРЕННЕЕ СОЕДИНЕНИЕ справочник.предприниматели КАК T2 ПО T1.наименование = T2.ссылка;ВЫБРАТЬ T2.человек ИЗ справочник.люди КАК T1 ВНУТРЕННЕЕ СОЕДИНЕНИЕ справочник.предприниматели КАК T2 ПО T1.наименование = T2.ссылка
894;"ВЫБРАТЬ * ИЗ справочник.подразделения ГДЕ наименование = ""Marketing""";"ВЫБРАТЬ * ИЗ справочник.подразделения ГДЕ наименование = ""Marketing"""
897;"ВЫБРАТЬ T1.ссылка ИЗ справочник.проблемы КАК T1 ВНУТРЕННЕЕ СОЕДИНЕНИЕ справочник.сотрудники КАК T2 ПО T1.заявилсотрудник = T2.ссылка ГДЕ T2.фамилия = ""Bosco""";"ВЫБРАТЬ T2.ссылка ИЗ справочник.сотрудники КАК T1 ВНУТРЕННЕЕ СОЕДИНЕНИЕ справочник.проблемы КАК T2 ПО T1.ссылка = T2.заявилсотрудник ГДЕ T1.фамилия = ""Bоско"""
899;"ВЫБРАТЬ ссылка ИЗ справочник.клиенты ГДЕ наименование ПОДОБНО ""%Diana%""";"ВЫБРАТЬ ссылка ИЗ справочник.клиенты ГДЕ наименование ПОДОБНО ""%Diana%"""
900;ВЫБРАТЬ ПЕРВЫЕ 1 наименование , широта , город ИЗ справочник.станции УПОРЯДОЧИТЬ ПО широта;ВЫБРАТЬ ПЕРВЫЕ 1 наименование, широта, город ИЗ справочник.станции УПОРЯДОЧИТЬ ПО широта ВОЗР
909;ВЫБРАТЬ СРЕДНЕЕ(T1.цена) , T2.наименование ИЗ справочник.товары КАК T1 ВНУТРЕННЕЕ СОЕДИНЕНИЕ справочник.производители КАК T2 ПО T1.производитель = T2.ссылка СГРУППИРОВАТЬ ПО T2.наименование;ВЫБРАТЬ СРЕДНЕЕ(T1.цена), T2.наименование ИЗ справочник.товары КАК T1 ВНУТРЕННЕЕ СОЕДИНЕНИЕ справочник.производители КАК T2 ПО T1.производитель = T2.ссылка СГРУППИРОВАТЬ ПО T2.наименование
915;"ВЫБРАТЬ наименование , количествостудентов ИЗ справочник.колледжи ГДЕ количествостудентов > 10000 И штат = ""LA""";"ВЫБРАТЬ наименование, количествостудентов ИЗ справочник.колледжи ГДЕ штат = ""LA"" И количествостудентов > 10000"
918;ВЫБРАТЬ наименование ИЗ справочник.номера ГДЕ базоваяцена МЕЖДУ 120 И 150;ВЫБРАТЬ наименование ИЗ справочник.номера ГДЕ базоваяцена МЕЖДУ 120 И 150
919;ВЫБРАТЬ типсоревнования , страна ИЗ справочник.соревнования;ВЫБРАТЬ типсоревнования, страна ИЗ справочник.соревнования
921;ВЫБРАТЬ ПЕРВЫЕ 1 класс ИЗ справочник.школьники СГРУППИРОВАТЬ ПО класс УПОРЯДОЧИТЬ ПО КОЛИЧЕСТВО(*) УБЫВ;ВЫБРАТЬ ПЕРВЫЕ 1 класс ИЗ справочник.школьники СГРУППИРОВАТЬ ПО класс УПОРЯДОЧИТЬ ПО КОЛИЧЕСТВО(*) УБЫВ
922;"ВЫБРАТЬ наименование ИЗ справочник.программы ГДЕ странапроисхождения <> ""Beijing""";"ВЫБРАТЬ наименование ИЗ справочник.программы ГДЕ странапроисхождения <> ""Пекин"""
930;ВЫБРАТЬ T2.наименование ИЗ регистрсведений.доступностьтоваров КАК T1 ВНУТРЕННЕЕ СОЕДИНЕНИЕ справочник.товарываренду КАК T2 ПО T1.товар = T2.ссылка ГДЕ T1.доступен = 1;ВЫБРАТЬ T2.наименование ИЗ регистрсведений.доступностьтоваров КАК T1 ВНУТРЕННЕЕ СОЕДИНЕНИЕ справочник.товарываренду КАК T2 ПО T1.товар = T2.ссылка ГДЕ T1.доступен = 1
936;"ВЫБРАТЬ РАЗЛИЧНЫЕ T1.наименование , T1.возраст ИЗ справочник.люди КАК T1 ВНУТРЕННЕЕ СОЕДИНЕНИЕ регистрсведений.друзья КАК T2 ПО T1.наименование = T2.человек ГДЕ T2.друг = ""Dan"" ИЛИ T2.друг = ""Alice""";"ВЫБРАТЬ T1.наименование, T1.возраст ИЗ справочник.люди КАК T1 ВНУТРЕННЕЕ СОЕДИНЕНИЕ регистрсведений.друзья КАК T2 ПО T1.наименование = T2.человек ГДЕ T2.друг = ""Dan"" ИЛИ T2.друг = ""Alice"""
939;"ВЫБРАТЬ T2.наименование ИЗ справочник.фильмы КАК T1 ВНУТРЕННЕЕ СОЕДИНЕНИЕ справочник.языки КАК T2 ПО T1.язык = T2.ссылка ГДЕ T1.название = ""AIRPORT POLLOCK""";"ВЫБРАТЬ T2.наименование ИЗ справочник.фильмы КАК T1 ВНУТРЕННЕЕ СОЕДИНЕНИЕ справочник.языки КАК T2 ПО T1.язык = T2.ссылка ГДЕ T1.название = ""GOLD"" И T2.наименование = ""English"""
941;ВЫБРАТЬ город ИЗ справочник.станции СГРУППИРОВАТЬ ПО город УПОРЯДОЧИТЬ ПО МАКСИМУМ(широта) УБЫВ;ВЫБРАТЬ город ИЗ справочник.станции УПОРЯДОЧИТЬ ПО широта УБЫВ
